student_id,student_number,first_name,last_name,email,program_code,program_name,cohort_name,enrollment_status,coursework_status,comprehensive_exam_status,capstone_status,defended,completed,adviser_name,graduate_on_time,graduate_date,remarks,stage,data_last_updated,created_at,updated_at
50,2024855153,Jerome Mori,Abad,jmabad@mymail.mapua.edu.ph,MBA,Master in Business Administration (E.T. Yuchengco School of Business),Term 1,Completed,COMPLETED,done,done,done,done,Prof. Carlo Reyes,yes,2T2526,,Completed,2025-08-15 10:00:00,2024-09-12 21:00:00,2026-04-08 09:00:00
29,2024524886,Irene Jandi,Aguilar,ijaguilar@mymail.mapua.edu.ph,MBA,Master in Business Administration (E.T. Yuchengco School of Business),Term 1,Completed,COMPLETED,done,done,done,done,Prof. Denise Garcia,yes,2T2526,,Completed,2025-03-10 14:00:00,2024-09-14 08:00:00,2026-01-13 06:00:00
63,2024869830,Yasmin Ruin,Alcantara,yralcantara@mymail.mapua.edu.ph,MBA,Master in Business Administration (E.T. Yuchengco School of Business),Term 1,Completed,COMPLETED,done,done,done,done,Prof. Angela Cruz,yes,2T2526,,Completed,2026-06-24 18:00:00,2024-08-25 23:00:00,2025-05-24 14:00:00
40,2024489789,Vincent Rab,Alvarez,vralvarez@mymail.mapua.edu.ph,MBA,Master in Business Administration (E.T. Yuchengco School of Business),Term 1,Active,COMPLETED,done,incomplete,not yet done,not yet done,Dr. Ramon Villanueva,no,,,Capstone - In-Progress,2025-06-26 22:00:00,2024-09-11 17:00:00,2025-06-24 15:00:00
10,2024490346,Janelle Marie,Aquino,jmaquino@mymail.mapua.edu.ph,MBA,Master in Business Administration (E.T. Yuchengco School of Business),Term 1,Active,CANCELLED,cancelled,cancelled,,,Dr. Ramon Villanueva,,,,Coursework,2025-07-18 20:00:00,2024-09-01 04:00:00,2025-06-24 17:00:00
14,2024153253,Nadine Jasmine,Bautista,njbautista@mymail.mapua.edu.ph,MBA,Master in Business Administration (E.T. Yuchengco School of Business),Term 1,Active,COMPLETED,done,incomplete,not yet done,not yet done,Prof. Carlo Reyes,no,,,Capstone - In-Progress,2025-11-22 00:00:00,2024-08-21 11:00:00,2024-11-29 04:00:00
51,2024408143,Kyla Ruiz,Bernardo,krbernardo@mymail.mapua.edu.ph,MBA,Master in Business Administration (E.T. Yuchengco School of Business),Term 1,Completed,COMPLETED,done,done,done,done,Prof. Angela Cruz,yes-late,3T2526,,Completed,2026-08-28 20:00:00,2024-08-27 12:00:00,2025-10-04 15:00:00
52,2024465908,Lucas Nathaniel,Cabral,lncabral@mymail.mapua.edu.ph,MBA,Master in Business Administration (E.T. Yuchengco School of Business),Term 1,Active,COMPLETED,done,incomplete,not yet done,not yet done,Dr. Ramon Villanueva,no,,,Capstone - In-Progress,2025-09-09 16:00:00,2024-08-30 20:00:00,2025-10-14 21:00:00
56,2024447095,Ramon Lagsaysay,Cabrera,rlcabrera@mymail.mapua.edu.ph,MBA,Master in Business Administration (E.T. Yuchengco School of Business),Term 1,Completed,COMPLETED,done,done,done,done,Prof. Carlo Reyes,yes,2T2526,,Completed,2025-09-12 10:00:00,2024-08-19 17:00:00,2024-12-01 04:00:00
6,2024953314,Frances Arnie,Castillo,facastillo@mymail.mapua.edu.ph,MBA,Master in Business Administration (E.T. Yuchengco School of Business),Term 1,Completed,COMPLETED,done,done,done,done,Dr. Paolo Mendoza,yes,2T2526,,Completed,2026-01-27 11:00:00,2024-09-01 13:00:00,2024-11-01 07:00:00
39,2024427546,Therese Achoo,Cheng,tacheng@mymail.mapua.edu.ph,MBA,Master in Business Administration (E.T. Yuchengco School of Business),Term 1,Active,COMPLETED,done,incomplete,not yet done,not yet done,Prof. Angela Cruz,no,,,Capstone - In-Progress,2026-06-22 11:00:00,2024-09-01 08:00:00,2025-01-19 21:00:00
19,2024668557,Samantha Louise,Chua,slchua@mymail.mapua.edu.ph,MBA,Master in Business Administration (E.T. Yuchengco School of Business),Term 1,Completed,COMPLETED,done,done,done,done,Dr. Maria Santos,yes,2T2526,,Completed,2026-08-11 07:00:00,2024-08-22 05:00:00,2026-08-07 12:00:00
35,2024855657,Olivia Jocson,Co,ojco@mymail.mapua.edu.ph,MBA,Master in Business Administration (E.T. Yuchengco School of Business),Term 1,Completed,COMPLETED,done,done,done,done,Prof. Denise Garcia,yes,2T2526,,Completed,2025-11-15 03:00:00,2024-09-03 03:00:00,2026-01-21 04:00:00
9,2024943558,Isaac Jan,Cruz,ijcruz@mymail.mapua.edu.ph,MBA,Master in Business Administration (E.T. Yuchengco School of Business),Term 1,Active,COMPLETED,done,done,done,not yet done,Prof. Angela Cruz,no,,,Capstone - Defended for Completion,2026-03-07 01:00:00,2024-08-27 01:00:00,2025-04-10 02:00:00
64,2024863498,Zachary Pal,De Leon,zpdeleon@mymail.mapua.edu.ph,MBA,Master in Business Administration (E.T. Yuchengco School of Business),Term 1,Completed,COMPLETED,done,done,done,done,Dr. Ramon Villanueva,yes,2T2526,,Completed,2026-01-26 13:00:00,2024-09-10 22:00:00,2025-02-23 14:00:00
11,2024493842,Kyle Nicolas,Dela Cruz,kndelacruz@mymail.mapua.edu.ph,MBA,Master in Business Administration (E.T. Yuchengco School of Business),Term 1,Active,CANCELLED,cancelled,cancelled,,,Prof. Denise Garcia,,,,Coursework,2026-01-27 16:00:00,2024-08-19 17:00:00,2024-12-18 11:00:00
57,2024148320,Sofia Antos,Delos Santos,sadelossantos@mymail.mapua.edu.ph,MBA,Master in Business Administration (E.T. Yuchengco School of Business),Term 1,Withdrawn,PENDING,not yet taken,not yet taken,,,Prof. Angela Cruz,,,out of program due to abs/failed,Coursework,2026-01-26 19:00:00,2024-09-03 00:00:00,2024-11-14 06:00:00
32,2024229020,Liam Sadjaar,Dizon,lsdizon@mymail.mapua.edu.ph,MBA,Master in Business Administration (E.T. Yuchengco School of Business),Term 1,Active,PENDING,not yet taken,not yet taken,,,Prof. Carlo Reyes,,,,Coursework,2026-06-22 03:00:00,2024-09-05 14:00:00,2025-06-24 12:00:00
21,2024240650,Andrea Frillantes,Domingo,afdomingo@mymail.mapua.edu.ph,MBA,Master in Business Administration (E.T. Yuchengco School of Business),Term 1,Completed,COMPLETED,done,done,done,done,Prof. Angela Cruz,yes,2T2526,,Completed,2026-01-14 19:00:00,2024-08-30 10:00:00,2025-12-02 19:00:00
58,2024989554,Theo Mentos,Espiritu,tmespiritu@mymail.mapua.edu.ph,MBA,Master in Business Administration (E.T. Yuchengco School of Business),Term 1,Active,COMPLETED,done,in current load,not yet done,not yet done,Dr. Ramon Villanueva,no,,,Capstone - In-Progress,2026-04-07 10:00:00,2024-09-03 12:00:00,2025-02-03 08:00:00
26,2024617262,Felix Joseph,Estrada,fjestrada@mymail.mapua.edu.ph,MBA,Master in Business Administration (E.T. Yuchengco School of Business),Term 1,Active,COMPLETED,done,incomplete,not yet done,not yet done,Prof. Carlo Reyes,no,,,Capstone - In-Progress,2026-01-16 07:00:00,2024-09-02 10:00:00,2025-08-17 08:00:00
13,2024448405,Marco Limuel,Fernandez,mlfernandez@mymail.mapua.edu.ph,MBA,Master in Business Administration (E.T. Yuchengco School of Business),Term 1,Completed,COMPLETED,done,done,done,done,Dr. Maria Santos,yes,2T2526,,Completed,2025-09-29 23:00:00,2024-08-18 18:00:00,2026-03-26 14:00:00
17,2024993455,Quinn Aiah,Flores,qaflores@mymail.mapua.edu.ph,MBA,Master in Business Administration (E.T. Yuchengco School of Business),Term 1,Active,CANCELLED,cancelled,cancelled,,,Prof. Denise Garcia,,,,Coursework,2026-05-13 04:00:00,2024-09-01 13:00:00,2025-07-20 03:00:00
7,2024974722,Gabriel,Garcia,ggarcia@mymail.mapua.edu.ph,MBA,Master in Business Administration (E.T. Yuchengco School of Business),Term 1,Completed,COMPLETED,done,done,done,done,Dr. Maria Santos,yes,2T2526,,Completed,2025-12-12 19:00:00,2024-08-18 07:00:00,2026-05-26 03:00:00
18,2024319092,Rafael John,Gonzales,rjgonzales@mymail.mapua.edu.ph,MBA,Master in Business Administration (E.T. Yuchengco School of Business),Term 1,Active,COMPLETED,done,incomplete,not yet done,not yet done,Dr. Paolo Mendoza,no,,,Capstone - In-Progress,2026-03-13 00:00:00,2024-09-02 14:00:00,2025-09-07 23:00:00
65,2024113271,Arielle Man,Guevarra,amguevarra@mymail.mapua.edu.ph,MBA,Master in Business Administration (E.T. Yuchengco School of Business),Term 1,Completed,COMPLETED,done,done,done,done,Prof. Denise Garcia,yes,2T2526,,Completed,2026-07-08 08:00:00,2024-08-15 06:00:00,2026-02-06 17:00:00
60,2024898729,Victor Nino,Gutierrez,vngutierrez@mymail.mapua.edu.ph,MBA,Master in Business Administration (E.T. Yuchengco School of Business),Term 1,Completed,COMPLETED,done,done,done,done,Dr. Paolo Mendoza,yes,2T2526,,Completed,2025-10-18 04:00:00,2024-08-30 03:00:00,2024-12-26 18:00:00
45,2024751143,Erika Mabad,Lazaro,emlazaro@mymail.mapua.edu.ph,MBA,Master in Business Administration (E.T. Yuchengco School of Business),Term 1,Active,COMPLETED,done,incomplete,done,not yet done,Prof. Angela Cruz,no,,,Capstone - Defended for Completion,2026-06-29 07:00:00,2024-08-20 08:00:00,2025-06-04 08:00:00
15,2024482147,Oliver Sen,Lim,oslim@mymail.mapua.edu.ph,MBA,Master in Business Administration (E.T. Yuchengco School of Business),Term 1,Active,COMPLETED,done,incomplete,not yet done,not yet done,Prof. Angela Cruz,no,,,Capstone - In-Progress,2026-01-27 15:00:00,2024-09-06 02:00:00,2026-04-06 03:00:00
31,2024550351,Katrina Matniss,Lorenzo,kmlorenzo@mymail.mapua.edu.ph,MBA,Master in Business Administration (E.T. Yuchengco School of Business),Term 1,Completed,COMPLETED,done,done,done,done,Dr. Maria Santos,yes,2T2526,,Completed,2026-06-04 02:00:00,2024-09-06 09:00:00,2026-07-01 03:00:00
54,2024604962,Nico Jamie,Macapagal,njmacapagal@mymail.mapua.edu.ph,MBA,Master in Business Administration (E.T. Yuchengco School of Business),Term 1,Active,COMPLETED,done,incomplete,not yet done,not yet done,Dr. Paolo Mendoza,no,,,Capstone - In-Progress,2026-04-20 07:00:00,2024-08-20 03:00:00,2025-08-03 22:00:00
47,2024638554,Grace Lan,Magsino,glmagsino@mymail.mapua.edu.ph,MBA,Master in Business Administration (E.T. Yuchengco School of Business),Term 1,Completed,COMPLETED,done,done,done,done,Prof. Denise Garcia,yes,2T2526,,Completed,2026-06-19 11:00:00,2024-09-03 18:00:00,2025-07-26 22:00:00
25,2024159561,Elise Maxine,Manalo,emmanalo@mymail.mapua.edu.ph,MBA,Master in Business Administration (E.T. Yuchengco School of Business),Term 1,Active,COMPLETED,done,incomplete,not yet done,not yet done,Dr. Maria Santos,no,,,Capstone - In-Progress,2026-02-12 15:00:00,2024-09-14 21:00:00,2024-12-03 14:00:00
41,2024651846,Alyssa kaldez,Marquez,akmarquez@mymail.mapua.edu.ph,MBA,Master in Business Administration (E.T. Yuchengco School of Business),Term 1,Active,COMPLETED,done,incomplete,not yet done,not yet done,Prof. Denise Garcia,no,,,Capstone - In-Progress,2025-03-23 07:00:00,2024-08-28 11:00:00,2026-07-28 23:00:00
1,2024200128,Adrian Louie,Mendoza,almendoza@mymail.mapua.edu.ph,MBA,Master in Business Administration (E.T. Yuchengco School of Business),Term 1,Completed,COMPLETED,done,done,done,done,Dr. Maria Santos,yes,2T2526,,Completed,2026-02-10 04:00:00,2024-08-25 04:00:00,2025-10-04 00:00:00
20,2024822666,Tristan Ethan,Mercado,temercado@mymail.mapua.edu.ph,MBA,Master in Business Administration (E.T. Yuchengco School of Business),Term 1,Completed,COMPLETED,done,done,done,done,Prof. Carlo Reyes,yes,2T2526,,Completed,2026-07-25 19:00:00,2024-08-17 18:00:00,2025-06-21 10:00:00
42,2024323476,Bryan Jin,Miranda,bjmiranda@mymail.mapua.edu.ph,MBA,Master in Business Administration (E.T. Yuchengco School of Business),Term 1,Active,CANCELLED,cancelled,cancelled,,,Dr. Paolo Mendoza,,,,Coursework,2025-07-31 06:00:00,2024-09-14 07:00:00,2025-02-15 09:00:00
62,2024368182,Xavier Jaar,Montes,xjmontes@mymail.mapua.edu.ph,MBA,Master in Business Administration (E.T. Yuchengco School of Business),Term 1,Active,COMPLETED,done,incomplete,not yet done,not yet done,Prof. Carlo Reyes,no,,,Capstone - In-Progress,2025-08-12 14:00:00,2024-08-17 04:00:00,2024-11-30 03:00:00
44,2024319881,Diego Lilang,Natividad,dlnatividad@mymail.mapua.edu.ph,MBA,Master in Business Administration (E.T. Yuchengco School of Business),Term 1,Completed,COMPLETED,done,done,done,done,Prof. Carlo Reyes,yes,2T2526,,Completed,2026-05-28 04:00:00,2024-08-22 00:00:00,2025-12-31 18:00:00
3,2024922788,Caleb Mon,Navarro,cmnavarro@mymail.mapua.edu.ph,MBA,Master in Business Administration (E.T. Yuchengco School of Business),Term 1,Completed,COMPLETED,done,done,done,done,Prof. Angela Cruz,yes,2T2526,,Completed,2026-03-22 15:00:00,2024-08-26 18:00:00,2024-10-25 10:00:00
27,2024622892,Giselle Respa,Ocampo,grocampo@mymail.mapua.edu.ph,MBA,Master in Business Administration (E.T. Yuchengco School of Business),Term 1,Active,COMPLETED,done,incomplete,not yet done,not yet done,Prof. Angela Cruz,no,,,Capstone - In-Progress,2026-07-31 16:00:00,2024-08-26 19:00:00,2026-01-17 13:00:00
30,2024614716,Jasper Chris,Padilla,jcpadilla@mymail.mapua.edu.ph,MBA,Master in Business Administration (E.T. Yuchengco School of Business),Term 1,Active,COMPLETED,done,incomplete,done,not yet done,Dr. Paolo Mendoza,no,,,Capstone - Defended for Completion,2026-06-14 11:00:00,2024-09-05 02:00:00,2024-11-07 01:00:00
23,2024271807,Celine Mapine,Pascual,cmpascual@mymail.mapua.edu.ph,MBA,Master in Business Administration (E.T. Yuchengco School of Business),Term 1,Completed,COMPLETED,done,done,done,done,Prof. Denise Garcia,yes,2T2526,,Completed,2026-07-25 08:00:00,2024-08-28 05:00:00,2025-08-13 09:00:00
48,2024713155,Hector Janri,Pineda,hjpineda@mymail.mapua.edu.ph,MBA,Master in Business Administration (E.T. Yuchengco School of Business),Term 1,Completed,COMPLETED,done,done,done,done,Dr. Paolo Mendoza,yes,2T2526,,Completed,2026-05-17 23:00:00,2024-09-06 16:00:00,2026-06-01 12:00:00
12,2024540878,Leah Nicole,Ramos,lnramos@mymail.mapua.edu.ph,MBA,Master in Business Administration (E.T. Yuchengco School of Business),Term 1,Completed,COMPLETED,done,done,done,done,Dr. Paolo Mendoza,yes,2T2526,,Completed,2026-03-06 15:00:00,2024-08-24 17:00:00,2026-07-23 22:00:00
5,2024344032,Ethan Pan,Reyes,epreyes@mymail.mapua.edu.ph,MBA,Master in Business Administration (E.T. Yuchengco School of Business),Term 1,Active,COMPLETED,done,incomplete,done,not yet done,Prof. Denise Garcia,no,,,Capstone - Defended for Completion,2026-07-28 08:00:00,2024-08-28 02:00:00,2025-05-01 04:00:00
16,2024515154,Patricia Kart,Rivera,pkrivera@mymail.mapua.edu.ph,MBA,Master in Business Administration (E.T. Yuchengco School of Business),Term 1,Completed,COMPLETED,done,done,done,done,Dr. Ramon Villanueva,yes,2T2526,,Completed,2025-10-16 08:00:00,2024-09-03 06:00:00,2026-01-25 03:00:00
46,2024656140,Francis Pronto,Robles,fprobles@mymail.mapua.edu.ph,MBA,Master in Business Administration (E.T. Yuchengco School of Business),Term 1,Withdrawn,PENDING,not yet taken,not yet taken,,,Dr. Ramon Villanueva,,,out of program due to abs/failed,Coursework,2026-04-17 15:00:00,2024-08-19 13:00:00,2026-02-18 00:00:00
53,2024576091,Monica Fran,Rosales,mfrosales@mymail.mapua.edu.ph,MBA,Master in Business Administration (E.T. Yuchengco School of Business),Term 1,Completed,COMPLETED,done,done,done,done,Prof. Denise Garcia,yes,2T2526,,Completed,2026-07-02 09:00:00,2024-08-21 02:00:00,2025-03-22 16:00:00
28,2024247930,Harvey Don,Salazar,hdsalazar@mymail.mapua.edu.ph,MBA,Master in Business Administration (E.T. Yuchengco School of Business),Term 1,Active,PENDING,not yet taken,not yet taken,,,Dr. Ramon Villanueva,,,,Coursework,2026-05-16 19:00:00,2024-09-09 14:00:00,2024-11-18 16:00:00
33,2024843319,Mikaela Rona,Santiago,mrsantiago@mymail.mapua.edu.ph,MBA,Master in Business Administration (E.T. Yuchengco School of Business),Term 1,Withdrawn,PENDING,not yet taken,not yet taken,,,Prof. Angela Cruz,,,out of program due to abs/failed,Coursework,2025-09-16 22:00:00,2024-08-27 21:00:00,2025-08-17 21:00:00
2,2024752323,Bianca Mari,Santos,bmsantos@mymail.mapua.edu.ph,MBA,Master in Business Administration (E.T. Yuchengco School of Business),Term 1,Completed,COMPLETED,done,done,done,done,Prof. Carlo Reyes,yes,2T2526,,Completed,2026-02-22 00:00:00,2024-08-16 02:00:00,2026-02-15 05:00:00
43,2024580753,Clarisse Jasario,Sarmiento,cjsarmiento@mymail.mapua.edu.ph,MBA,Master in Business Administration (E.T. Yuchengco School of Business),Term 1,Active,PENDING,not yet taken,not yet taken,,,Dr. Maria Santos,,,,Coursework,2026-08-08 23:00:00,2024-08-20 04:00:00,2025-04-15 01:00:00
61,2024288619,Wendy Mas,Serrano,wmserrano@mymail.mapua.edu.ph,MBA,Master in Business Administration (E.T. Yuchengco School of Business),Term 1,Active,COMPLETED,done,incomplete,not yet done,not yet done,Dr. Maria Santos,no,,,Capstone - In-Progress,2026-02-26 10:00:00,2024-08-29 15:00:00,2026-01-07 00:00:00
59,2024655832,Una Calawa,Sison,ucsison@mymail.mapua.edu.ph,MBA,Master in Business Administration (E.T. Yuchengco School of Business),Term 1,Active,COMPLETED,done,incomplete,not yet done,not yet done,Prof. Denise Garcia,no,,,Capstone - In-Progress,2025-05-07 17:00:00,2024-08-23 11:00:00,2026-05-01 22:00:00
24,2024826643,Darius Kor,Soriano,dksoriano@mymail.mapua.edu.ph,MBA,Master in Business Administration (E.T. Yuchengco School of Business),Term 1,Completed,COMPLETED,done,done,done,done,Dr. Paolo Mendoza,yes,2T2526,,Completed,2025-11-21 16:00:00,2024-09-13 15:00:00,2025-11-18 16:00:00
36,2024963100,Paolo Mavelino,Sy,pmsy@mymail.mapua.edu.ph,MBA,Master in Business Administration (E.T. Yuchengco School of Business),Term 1,Active,CANCELLED,cancelled,cancelled,,,Dr. Paolo Mendoza,,,,Coursework,2026-07-01 09:00:00,2024-08-21 09:00:00,2025-01-01 08:00:00
37,2024186531,Rina Mae,Tan,rmtan@mymail.mapua.edu.ph,MBA,Master in Business Administration (E.T. Yuchengco School of Business),Term 1,Completed,COMPLETED,done,done,done,done,Dr. Maria Santos,yes,2T2526,,Completed,2025-10-31 21:00:00,2024-08-22 12:00:00,2025-09-27 03:00:00
49,2024142757,Isabelle Ma.,Tolentino,imtolentino@mymail.mapua.edu.ph,MBA,Master in Business Administration (E.T. Yuchengco School of Business),Term 1,Active,COMPLETED,done,incomplete,done,not yet done,Dr. Maria Santos,no,,,Capstone - Defended for Completion,2026-02-27 04:00:00,2024-09-05 23:00:00,2024-10-31 13:00:00
8,2024927831,Hannah Comm,Torres,hctorres@mymail.mapua.edu.ph,MBA,Master in Business Administration (E.T. Yuchengco School of Business),Term 1,Completed,COMPLETED,done,done,done,done,Prof. Carlo Reyes,yes,2T2526,,Completed,2026-08-27 03:00:00,2024-09-02 01:00:00,2026-04-15 19:00:00
22,2024821791,Brandon Lend,Valdez,blvaldez@mymail.mapua.edu.ph,MBA,Master in Business Administration (E.T. Yuchengco School of Business),Term 1,Completed,COMPLETED,done,done,done,done,Dr. Ramon Villanueva,yes,2T2526,,Completed,2026-08-25 11:00:00,2024-09-03 02:00:00,2025-01-01 18:00:00
34,2024370227,Nathan Kinto,Velasco,nkvelasco@mymail.mapua.edu.ph,MBA,Master in Business Administration (E.T. Yuchengco School of Business),Term 1,Active,COMPLETED,done,incomplete,not yet done,not yet done,Dr. Ramon Villanueva,no,,,Capstone - In-Progress,2025-12-14 07:00:00,2024-09-14 14:00:00,2025-09-12 19:00:00
4,2024299002,Danica Ren,Villanueva,drvillanueva@mymail.mapua.edu.ph,MBA,Master in Business Administration (E.T. Yuchengco School of Business),Term 1,Completed,COMPLETED,done,done,done,done,Dr. Ramon Villanueva,yes,2T2526,,Completed,2026-08-02 10:00:00,2024-08-21 01:00:00,2024-11-17 14:00:00
38,2024800778,Stefan Ly,Yap,slyap@mymail.mapua.edu.ph,MBA,Master in Business Administration (E.T. Yuchengco School of Business),Term 1,Active,PENDING,not yet taken,not yet taken,,,Prof. Carlo Reyes,,,,Coursework,2026-08-18 20:00:00,2024-08-17 05:00:00,2025-11-19 17:00:00
55,2024615842,Paula Mianca,Yulo,pmyulo@mymail.mapua.edu.ph,MBA,Master in Business Administration (E.T. Yuchengco School of Business),Term 1,Completed,COMPLETED,done,done,done,done,Dr. Maria Santos,yes,2T2526,,Completed,2026-08-05 00:00:00,2024-08-16 03:00:00,2024-08-16 21:00:00
